LabNo,Sample,Replicate,Method,Method2,MountingMedium,Date,Analyst,InitialWeight_g,SamplePercent,FieldsCounted,Counted,Random10FOV,Conc_per1g,MillionsPer1g,RelativePer1g
QR24_129-1,QR24_129,2,16 SPT,Gur-Arieh,SPT,46036,Analyst 1,0.02499,10,16,85,,5153946.546,5.153946546,34013.60544
QR24_129-10,QR24_129,11,16 SPT,Gur-Arieh,SPT,46044,Analyst 2,0.02367,10,16,98,,6273574.478,6.273574478,41402.61935
QR24_129-11,QR24_129,12,16 SPT,Gur-Arieh,SPT,46049,Analyst 2,0.0241,10,16,114,,7167621.263,7.167621263,47302.90456
QR24_129-12,QR24_129,13,16 SPT,Gur-Arieh,SPT,46049,Analyst 2,0.02441,10,16,94,,5835086.717,5.835086717,38508.80787
QR24_129-13,QR24_129,14,16 SPT,Gur-Arieh,SPT,46049,Analyst 2,0.02133,10,16,94,,6677659.013,6.677659013,44069.38584
QR24_129-14,QR24_129,15,16 SPT,Gur-Arieh,SPT,46049,Analyst 2,0.02368,10,16,111,,7102782.584,7.102782584,46875
QR24_129-6,QR24_129,7,16 SPT,Gur-Arieh,SPT,46040,Analyst 1,0.02188,10,16,142,,9833956.143,9.833956143,64899.45155
QR24_129-7,QR24_129,8,16 SPT,Gur-Arieh,SPT,46040,Analyst 1,0.02207,10,16,113,,7758242.509,7.758242509,51200.72497
QR24_129-8,QR24_129,9,16 SPT,Gur-Arieh,SPT,46041,Analyst 1,0.0217,10,16,105,,7331904.603,7.331904603,48387.09677
QR24_129-9,QR24_129,10,16 SPT,Gur-Arieh,SPT,46041,Analyst 1,0.02327,10,16,122,,7944209.485,7.944209485,52428.01891
QR24_129_CB1-1,QR24_129,1,16 CB,Canti,CB,46038,Analyst 2,0.00324,100,16,97,,4536427.395,4.536427395,29938.2716
QR24_129_CB1-1,QR24_129,1,16 CB,Canti,CB,46040,Analyst 1,0.00324,100,16,110,,5144402.201,5.144402201,33950.61728
QR24_129_CB1-2,QR24_129,1,16 CB,Canti,CB,46038,Analyst 2,0.00324,100,16,66,,3086641.321,3.086641321,20370.37037
QR24_129_CB1-2,QR24_129,1,16 CB,Canti,CB,46040,Analyst 1,0.00324,100,16,92,,4302590.932,4.302590932,28395.06173
QR24_129_CB1-2,QR24_129,1,16 CB,Canti,CB,46040,Analyst 1,0.00324,100,16,108,,5050867.615,5.050867615,33333.33333
QR24_129_CB1-3,QR24_129,1,16 CB,Canti,CB,46038,Analyst 2,0.00324,100,16,84,,3928452.59,3.92845259,25925.92593
QR24_129_CB2,QR24_129,2,16 CB,Canti,CB,46038,Analyst 2,0.0024,100,16,62,,3914422.402,3.914422402,25833.33333
QR24_129_CB2,QR24_129,2,16 CB,Canti,CB,46040,Analyst 1,0.0024,100,16,86,,5429682.687,5.429682687,35833.33333
QR24_129_CB3,QR24_129,3,16 CB,Canti,CB,46038,Analyst 2,0.00254,100,16,71,,4235570.087,4.235570087,27952.75591
QR24_129_CB3,QR24_129,3,16 CB,Canti,CB,46040,Analyst 1,0.00254,100,16,80,,4772473.337,4.772473337,31496.06299
QR24_129_CB4,QR24_129,4,16 CB,Canti,CB,46038,Analyst 2,0.00214,100,16,64,,4531619.543,4.531619543,29906.54206
QR24_129_CB4,QR24_129,4,16 CB,Canti,CB,46040,Analyst 1,0.00214,100,16,71,,5027265.43,5.02726543,33177.57009
QR24_129_CB5,QR24_129,5,16 CB,Canti,CB,46038,Analyst 2,0.00269,100,16,67,,3774068.367,3.774068367,24907.0632
QR24_129_CB5,QR24_129,5,16 CB,Canti,CB,46040,Analyst 1,0.00269,100,16,85,,4787997.182,4.787997182,31598.51301
QR24_129-1,QR24_129,2,10 SPT,Gur-Arieh,SPT,46036,Analyst 1,0.02499,10,10,Random10FOV,50,4850773.22,4.85077322,20008.0032
QR24_129-10,QR24_129,11,10 SPT,Gur-Arieh,SPT,46044,Analyst 2,0.02367,10,10,Random10FOV,59,6043116.64,6.04311664,24926.06675
QR24_129-11,QR24_129,12,10 SPT,Gur-Arieh,SPT,46049,Analyst 2,0.0241,10,10,Random10FOV,83,8349650.033,8.349650033,34439.83402
QR24_129-12,QR24_129,13,10 SPT,Gur-Arieh,SPT,46049,Analyst 2,0.02441,10,10,Random10FOV,59,5859916.873,5.859916873,24170.42196
QR24_129-13,QR24_129,14,10 SPT,Gur-Arieh,SPT,46049,Analyst 2,0.02133,10,10,Random10FOV,63,7160723.708,7.160723708,29535.86498
QR24_129-14,QR24_129,15,10 SPT,Gur-Arieh,SPT,46049,Analyst 2,0.02368,10,10,Random10FOV,73,7473918.972,7.473918972,30827.7027
QR24_129-6,QR24_129,7,10 SPT,Gur-Arieh,SPT,46040,Analyst 1,0.02188,10,10,Random10FOV,86,9529242.009,9.529242009,39305.30165
QR24_129-7,QR24_129,8,10 SPT,Gur-Arieh,SPT,46040,Analyst 1,0.02207,10,10,Random10FOV,66,7250180.61,7.25018061,29904.84821
QR24_129-8,QR24_129,9,10 SPT,Gur-Arieh,SPT,46041,Analyst 1,0.0217,10,10,Random10FOV,66,7373801.201,7.373801201,30414.74654
QR24_129-9,QR24_129,10,10 SPT,Gur-Arieh,SPT,46041,Analyst 1,0.02327,10,10,Random10FOV,73,7605603.835,7.605603835,31370.86377
QR24_129_CB1-1,QR24_129,1,10 CB,Canti,CB,46038,Analyst 2,0.00324,100,10,Random10FOV,60,4489660.103,4.489660103,18518.51852
QR24_129_CB1-1,QR24_129,1,10 CB,Canti,CB,46040,Analyst 1,0.00324,100,10,Random10FOV,59,4414832.434,4.414832434,18209.87654
QR24_129_CB1-2,QR24_129,1,10 CB,Canti,CB,46038,Analyst 2,0.00324,100,10,Random10FOV,37,2768623.73,2.76862373,11419.75309
QR24_129_CB1-2,QR24_129,1,10 CB,Canti,CB,46040,Analyst 1,0.00324,100,10,Random10FOV,70,5237936.786,5.237936786,21604.93827
QR24_129_CB1-2,QR24_129,1,10 CB,Canti,CB,46040,Analyst 1,0.00324,100,10,Random10FOV,61,4564487.771,4.564487771,18827.16049
QR24_129_CB1-3,QR24_129,1,10 CB,Canti,CB,46038,Analyst 2,0.00324,100,10,Random10FOV,49,3666555.75,3.66655575,15123.45679
QR24_129_CB2,QR24_129,2,10 CB,Canti,CB,46038,Analyst 2,0.0024,100,10,Random10FOV,40,4040694.092,4.040694092,16666.66667
QR24_129_CB2,QR24_129,2,10 CB,Canti,CB,46040,Analyst 1,0.0024,100,10,Random10FOV,54,5454937.025,5.454937025,22500
QR24_129_CB3,QR24_129,3,10 CB,Canti,CB,46038,Analyst 2,0.00254,100,10,Random10FOV,44,4199776.537,4.199776537,17322.83465
QR24_129_CB3,QR24_129,3,10 CB,Canti,CB,46040,Analyst 1,0.00254,100,10,Random10FOV,47,4486124.937,4.486124937,18503.93701
QR24_129_CB4,QR24_129,4,10 CB,Canti,CB,46038,Analyst 2,0.00214,100,10,Random10FOV,31,3512005.146,3.512005146,14485.98131
QR24_129_CB4,QR24_129,4,10 CB,Canti,CB,46040,Analyst 1,0.00214,100,10,Random10FOV,43,4871491.009,4.871491009,20093.45794
QR24_129_CB5,QR24_129,5,10 CB,Canti,CB,46038,Analyst 2,0.00269,100,10,Random10FOV,36,3244572.208,3.244572208,13382.89963
QR24_129_CB5,QR24_129,5,10 CB,Canti,CB,46040,Analyst 1,0.00269,100,10,Random10FOV,49,4416223.283,4.416223283,18215.61338
QR24_134,QR24_134,1,16 SPT,Gur-Arieh,SPT,45978,Analyst 2,0.01984,10,16,138,,10539612.87,10.53961287,69556.45161
QR24_134-1,QR24_134,2,16 SPT,Gur-Arieh,SPT,46036,Analyst 1,0.01849,10,16,147,,12046688.04,12.04668804,79502.43375
QR24_134-10,QR24_134,11,16 SPT,Gur-Arieh,SPT,46044,Analyst 2,0.01929,10,16,129,,10133155.87,10.13315587,66874.02799
QR24_134-2,QR24_134,3,16 SPT,Gur-Arieh,SPT,46039,Analyst 2,0.01899,10,16,129,,10293237.32,10.29323732,67930.48973
QR24_134-3,QR24_134,4,16 SPT,Gur-Arieh,SPT,46039,Analyst 2,0.01838,10,16,109,,8986037.597,8.986037597,59303.59086
QR24_134-4,QR24_134,5,16 SPT,Gur-Arieh,SPT,46039,Analyst 2,0.01942,10,16,191,,14902920.41,14.90292041,98352.21421
QR24_134-5,QR24_134,6,16 SPT,Gur-Arieh,SPT,46039,Analyst 2,0.01968,10,16,167,,12858153.84,12.85815384,84857.72358
QR24_134-6,QR24_134,7,16 SPT,Gur-Arieh,SPT,46040,Analyst 1,0.01969,10,16,203,,15622033.41,15.62203341,103098.0193
QR24_134-7,QR24_134,8,16 SPT,Gur-Arieh,SPT,46040,Analyst 1,0.01977,10,16,154,,11803241.47,11.80324147,77895.80172
QR24_134-8,QR24_134,9,16 SPT,Gur-Arieh,SPT,46041,Analyst 1,0.01825,10,16,150,,12454194.12,12.45419412,82191.78082
QR24_134-9,QR24_134,10,16 SPT,Gur-Arieh,SPT,46044,Analyst 2,0.01893,10,16,139,,11126316.93,11.12631693,73428.4205
QR24_134-CB1-1,QR24_134,1,16 CB,Canti,CB,46036,Analyst 1,0.00182,100,16,124,,10323751.39,10.32375139,68131.86813
QR24_134-CB1-10,QR24_134,1,16 CB,Canti,CB,46042,Analyst 2,0.00182,100,16,122,,10157239.27,10.15723927,67032.96703
QR24_134-CB1-2,QR24_134,1,16 CB,Canti,CB,46036,Analyst 1,0.00182,100,16,133,,11073055.93,11.07305593,73076.92308
QR24_134-CB1-3,QR24_134,1,16 CB,Canti,CB,46036,Analyst 1,0.00182,100,16,125,,10407007.45,10.40700745,68681.31868
QR24_134-CB1-7,QR24_134,1,16 CB,Canti,CB,46042,Analyst 2,0.00182,100,16,160,,13320969.54,13.32096954,87912.08791
QR24_134-CB1-8,QR24_134,1,16 CB,Canti,CB,46042,Analyst 2,0.00182,100,16,125,,10407007.45,10.40700745,68681.31868
QR24_134-CB1-9,QR24_134,1,16 CB,Canti,CB,46042,Analyst 2,0.00182,100,16,115,,9574446.854,9.574446854,63186.81319
QR24_134-CB2,QR24_134,2,16 CB,Canti,CB,46038,Analyst 2,0.00254,100,16,121,,7218365.923,7.218365923,47637.79528
QR24_134-CB2,QR24_134,2,16 CB,Canti,CB,46036,Analyst 1,0.00254,100,16,153,,9127355.258,9.127355258,60236.22047
QR24_134-CB3,QR24_134,3,16 CB,Canti,CB,46038,Analyst 2,0.00237,100,16,119,,7608268.94,7.60826894,50210.97046
QR24_134-CB3,QR24_134,3,16 CB,Canti,CB,46036,Analyst 1,0.00237,100,16,166,,10613215.5,10.6132155,70042.19409
QR24_134-CB4,QR24_134,4,16 CB,Canti,CB,46038,Analyst 2,0.00221,100,16,138,,9461806.302,9.461806302,62443.43891
QR24_134-CB4,QR24_134,4,16 CB,Canti,CB,46036,Analyst 1,0.00221,100,16,169,,11587284.53,11.58728453,76470.58824
QR24_134-CB5,QR24_134,5,16 CB,Canti,CB,46038,Analyst 2,0.00242,100,16,86,,5384809.276,5.384809276,35537.19008
QR24_134-CB5,QR24_134,5,16 CB,Canti,CB,46036,Analyst 1,0.00242,100,16,116,,7263231.116,7.263231116,47933.8843
QR24_134-CB5,QR24_134,5,16 CB,Canti,CB,46036,Analyst 1,0.00242,100,16,148,,9266881.08,9.26688108,61157.02479
QR24_134,QR24_134,1,10 SPT,Gur-Arieh,SPT,45978,Analyst 2,0.01984,10,10,Random10FOV,91,11120055.31,11.12005531,45866.93548
QR24_134-1,QR24_134,2,10 SPT,Gur-Arieh,SPT,46036,Analyst 1,0.01849,10,10,Random10FOV,86,11276355.61,11.27635561,46511.62791
QR24_134-10,QR24_134,11,10 SPT,Gur-Arieh,SPT,46044,Analyst 2,0.01929,10,10,Random10FOV,84,10557334.49,10.55733449,43545.87869
QR24_134-2,QR24_134,3,10 SPT,Gur-Arieh,SPT,46039,Analyst 2,0.01899,10,10,Random10FOV,81,10341112.84,10.34111284,42654.02844
QR24_134-3,QR24_134,4,10 SPT,Gur-Arieh,SPT,46039,Analyst 2,0.01838,10,10,Random10FOV,62,8178118.62,8.17811862,33732.31774
QR24_134-4,QR24_134,5,10 SPT,Gur-Arieh,SPT,46039,Analyst 2,0.01942,10,10,Random10FOV,118,14731263.74,14.73126374,60762.10093
QR24_134-5,QR24_134,6,10 SPT,Gur-Arieh,SPT,46039,Analyst 2,0.01968,10,10,Random10FOV,120,14783027.17,14.78302717,60975.60976
QR24_134-6,QR24_134,7,10 SPT,Gur-Arieh,SPT,46040,Analyst 1,0.01969,10,10,Random10FOV,127,15637424.57,15.63742457,64499.74606
QR24_134-7,QR24_134,8,10 SPT,Gur-Arieh,SPT,46040,Analyst 1,0.01977,10,10,Random10FOV,95,11649952.62,11.64995262,48052.60496
QR24_134-8,QR24_134,9,10 SPT,Gur-Arieh,SPT,46041,Analyst 1,0.01825,10,10,Random10FOV,86,11424647.41,11.42464741,47123.28767
QR24_134-9,QR24_134,10,10 SPT,Gur-Arieh,SPT,46044,Analyst 2,0.01893,10,10,Random10FOV,91,11654616.88,11.65461688,48071.84363
QR24_134-CB1-1,QR24_134,1,10 CB,Canti,CB,46036,Analyst 1,0.00182,100,10,Random10FOV,75,9990727.151,9.990727151,41208.79121
QR24_134-CB1-10,QR24_134,1,10 CB,Canti,CB,46042,Analyst 2,0.00182,100,10,Random10FOV,74,9857517.456,9.857517456,40659.34066
QR24_134-CB1-2,QR24_134,1,10 CB,Canti,CB,46036,Analyst 1,0.00182,100,10,Random10FOV,70,9324678.675,9.324678675,38461.53846
QR24_134-CB1-3,QR24_134,1,10 CB,Canti,CB,46036,Analyst 1,0.00182,100,10,Random10FOV,77,10257146.54,10.25714654,42307.69231
QR24_134-CB1-7,QR24_134,1,10 CB,Canti,CB,46042,Analyst 2,0.00182,100,10,Random10FOV,111,14786276.18,14.78627618,60989.01099
QR24_134-CB1-8,QR24_134,1,10 CB,Canti,CB,46042,Analyst 2,0.00182,100,10,Random10FOV,87,11589243.5,11.5892435,47802.1978
QR24_134-CB1-9,QR24_134,1,10 CB,Canti,CB,46042,Analyst 2,0.00182,100,10,Random10FOV,78,10390356.24,10.39035624,42857.14286
QR24_134-CB2,QR24_134,2,10 CB,Canti,CB,46036,Analyst 1,0.00254,100,10,Random10FOV,99,9449497.208,9.449497208,38976.37795
QR24_134-CB2,QR24_134,2,10 CB,Canti,CB,46038,Analyst 2,0.00254,100,10,Random10FOV,81,7731406.807,7.731406807,31889.76378
QR24_134-CB3,QR24_134,3,10 CB,Canti,CB,46036,Analyst 1,0.00237,100,10,Random10FOV,107,10945677.67,10.94567767,45147.67932
QR24_134-CB3,QR24_134,3,10 CB,Canti,CB,46038,Analyst 2,0.00237,100,10,Random10FOV,71,7263019.761,7.263019761,29957.80591
QR24_134-CB4,QR24_134,4,10 CB,Canti,CB,46036,Analyst 1,0.00221,100,10,Random10FOV,112,12286635.43,12.28663543,50678.73303
QR24_134-CB4,QR24_134,4,10 CB,Canti,CB,46038,Analyst 2,0.00221,100,10,Random10FOV,85,9324678.675,9.324678675,38461.53846
QR24_134-CB5,QR24_134,5,10 CB,Canti,CB,46036,Analyst 1,0.00242,100,10,Random10FOV,76,7613869.86,7.61386986,31404.95868
QR24_134-CB5,QR24_134,5,10 CB,Canti,CB,46036,Analyst 1,0.00242,100,10,Random10FOV,92,9216789.831,9.216789831,38016.52893
QR24_134-CB5,QR24_134,5,10 CB,Canti,CB,46038,Analyst 2,0.00242,100,10,Random10FOV,59,5910767.391,5.910767391,24380.16529
QR24_145,QR24_145,1,16 SPT,Gur-Arieh,SPT,45993,Analyst 2,0.02062,10,16,273,,20061399.5,20.0613995,132395.7323
QR24_145_12,QR24_145,12,16 SPT,Gur-Arieh,SPT,46049,Analyst 2,0.013,10,16,267,,31121115.08,31.12111508,205384.6154
QR24_145_13,QR24_145,13,16 SPT,Gur-Arieh,SPT,46049,Analyst 2,0.01378,10,16,226,,24851148.35,24.85114835,164005.8055
QR24_145_14,QR24_145,14,16 SPT,Gur-Arieh,SPT,46049,Analyst 2,0.01313,10,16,220,,25388976.59,25.38897659,167555.2171
QR24_145-1,QR24_145,2,16 SPT,Gur-Arieh,SPT,46040,Analyst 1,0.01421,10,16,285,,30390512.39,30.39051239,200562.9838
QR24_145-11,QR24_145,11,16 SPT,Gur-Arieh,SPT,46045,Analyst 2,0.01376,10,16,305,,33586801.37,33.58680137,221656.9767
QR24_145-2,QR24_145,3,16 SPT,Gur-Arieh,SPT,46040,Analyst 1,0.0139,10,16,219,,23873525.35,23.87352535,157553.9568
QR24_145-3,QR24_145,4,16 SPT,Gur-Arieh,SPT,46041,Analyst 1,0.01238,10,16,204,,24968747.82,24.96874782,164781.9063
QR24_145-4,QR24_145,5,16 SPT,Gur-Arieh,SPT,46041,Analyst 1,0.01331,10,16,175,,19922655.88,19.92265588,131480.0902
QR24_145-5,QR24_145,6,16 SPT,Gur-Arieh,SPT,46041,Analyst 1,0.01288,10,16,203,,23881819.7,23.8818197,157608.6957
QR24_145-CB1,QR24_145,1,16 CB,Canti,CB,46035,Analyst 1,0.00119,100,16,140,,17826591.58,17.82659158,117647.0588
QR24_145-CB1,QR24_145,1,16 CB,Canti,CB,46035,Analyst 2,0.00119,100,16,145,,18463255.57,18.46325557,121848.7395
QR24_145-CB1,QR24_145,1,16 CB,Canti,CB,46035,Analyst 1,0.00119,100,16,153,,19481917.95,19.48191795,128571.4286
QR24_145-CB1,QR24_145,1,16 CB,Canti,CB,46035,Analyst 2,0.00119,100,16,158,,20118581.93,20.11858193,132773.1092
QR24_145-CB1,QR24_145,1,16 CB,Canti,CB,46035,Analyst 2,0.00119,100,16,164,,20882578.71,20.88257871,137815.1261
QR24_145-CB1,QR24_145,1,16 CB,Canti,CB,46035,Analyst 1,0.00119,100,16,194,,24702562.62,24.70256262,163025.2101
QR24_145-CB2,QR24_145,2,16 CB,Canti,CB,46035,Analyst 1,0.00113,100,16,147,,19711793.08,19.71179308,130088.4956
QR24_145-CB2,QR24_145,2,16 CB,Canti,CB,46035,Analyst 2,0.00113,100,16,176,,23600514.17,23.60051417,155752.2124
QR24_145-CB3,QR24_145,3,16 CB,Canti,CB,46035,Analyst 2,0.00147,100,16,226,,23295838.39,23.29583839,153741.4966
QR24_145-CB3,QR24_145,3,16 CB,Canti,CB,46035,Analyst 1,0.00147,100,16,238,,24532785.56,24.53278556,161904.7619
QR24_145-CB4,QR24_145,4,16 CB,Canti,CB,46035,Analyst 2,0.00156,100,16,132,,12821433.18,12.82143318,84615.38462
QR24_145-CB4,QR24_145,4,16 CB,Canti,CB,46035,Analyst 1,0.00156,100,16,166,,16123923.54,16.12392354,106410.2564
QR24_145-CB5,QR24_145,5,16 CB,Canti,CB,46035,Analyst 1,0.00148,100,16,220,,22524139.37,22.52413937,148648.6486
QR24_145-CB5,QR24_145,5,16 CB,Canti,CB,46035,Analyst 2,0.00148,100,16,237,,24264641.04,24.26464104,160135.1351
QR24_145,QR24_145,1,10 SPT,Gur-Arieh,SPT,45993,Analyst 2,0.02062,10,10,Random10FOV,175,20575794.36,20.57579436,84869.05917
QR24_145-12,QR24_145,12,10 SPT,Gur-Arieh,SPT,46049,Analyst 2,0.013,10,10,Random10FOV,172,32076894.64,32.07689464,132307.6923
QR24_145-13,QR24_145,13,10 SPT,Gur-Arieh,SPT,46049,Analyst 2,0.01378,10,10,Random10FOV,142,24983101.35,24.98310135,103047.8955
QR24_145-14,QR24_145,14,10 SPT,Gur-Arieh,SPT,46049,Analyst 2,0.01313,10,10,Random10FOV,134,24742711.73,24.74271173,102056.3595
QR24_145-1,QR24_145,2,10 SPT,Gur-Arieh,SPT,46040,Analyst 1,0.01421,10,10,Random10FOV,184,31392866.14,31.39286614,129486.2773
QR24_145-11,QR24_145,11,10 SPT,Gur-Arieh,SPT,46045,Analyst 2,0.01376,10,10,Random10FOV,185,32595715.43,32.59571543,134447.6744
QR24_145-2,QR24_145,3,10 SPT,Gur-Arieh,SPT,46040,Analyst 1,0.0139,10,10,Random10FOV,144,25116256.8,25.1162568,103597.1223
QR24_145-3,QR24_145,4,10 SPT,Gur-Arieh,SPT,46041,Analyst 1,0.01238,10,10,Random10FOV,136,26633331.01,26.63333101,109854.6042
QR24_145-4,QR24_145,5,10 SPT,Gur-Arieh,SPT,46041,Analyst 1,0.01331,10,10,Random10FOV,124,22586599.58,22.58659958,93163.03531
QR24_145-5,QR24_145,6,10 SPT,Gur-Arieh,SPT,46041,Analyst 1,0.01288,10,10,Random10FOV,115,21646575.49,21.64657549,89285.71429
QR24_145-CB1,QR24_145,1,10 CB,Canti,CB,46035,Analyst 1,0.00119,100,10,Random10FOV,130,26485221.78,26.48522178,109243.6975
QR24_145-CB1,QR24_145,1,10 CB,Canti,CB,46035,Analyst 1,0.00119,100,10,Random10FOV,97,19762050.1,19.7620501,81512.60504
QR24_145-CB1,QR24_145,1,10 CB,Canti,CB,46035,Analyst 1,0.00119,100,10,Random10FOV,98,19965782.57,19.96578257,82352.94118
QR24_145-CB1,QR24_145,1,10 CB,Canti,CB,46035,Analyst 2,0.00119,100,10,Random10FOV,91,18539655.25,18.53965525,76470.58824
QR24_145-CB1,QR24_145,1,10 CB,Canti,CB,46035,Analyst 2,0.00119,100,10,Random10FOV,93,18947120.2,18.9471202,78151.2605
QR24_145-CB1,QR24_145,1,10 CB,Canti,CB,46035,Analyst 2,0.00119,100,10,Random10FOV,100,20373247.52,20.37324752,84033.61345
QR24_145-CB2,QR24_145,2,10 CB,Canti,CB,46035,Analyst 1,0.00113,100,10,Random10FOV,95,20382262.24,20.38226224,84070.79646
QR24_145-CB2,QR24_145,2,10 CB,Canti,CB,46035,Analyst 2,0.00113,100,10,Random10FOV,122,26175115.71,26.17511571,107964.6018
QR24_145-CB3,QR24_145,3,10 CB,Canti,CB,46035,Analyst 1,0.00147,100,10,Random10FOV,124,20450859.9,20.4508599,84353.7415
QR24_145-CB3,QR24_145,3,10 CB,Canti,CB,46035,Analyst 2,0.00147,100,10,Random10FOV,145,23914311.98,23.91431198,98639.45578
QR24_145-CB4,QR24_145,4,10 CB,Canti,CB,46035,Analyst 1,0.00156,100,10,Random10FOV,106,16473598.99,16.47359899,67948.71795
QR24_145-CB4,QR24_145,4,10 CB,Canti,CB,46035,Analyst 2,0.00156,100,10,Random10FOV,79,12277493.59,12.27749359,50641.02564
QR24_145-CB5,QR24_145,5,10 CB,Canti,CB,46035,Analyst 1,0.00148,100,10,Random10FOV,145,23752728.79,23.75272879,97972.97297
QR24_145-CB5,QR24_145,5,10 CB,Canti,CB,46035,Analyst 2,0.00148,100,10,Random10FOV,136,22278421.48,22.27842148,91891.89189
QR24_191-06,QR24_191,1,16 SPT,Gur-Arieh,SPT,46000,Analyst 1,0.01496,10,16,36,,3646348.279,3.646348279,24064.17112
QR24_191-07,QR24_191,2,16 SPT,Gur-Arieh,SPT,46000,Analyst 1,0.01427,10,16,58,,6158731.36,6.15873136,40644.70918
QR24_191-08,QR24_191,3,16 SPT,Gur-Arieh,SPT,46000,Analyst 1,0.01373,10,16,57,,6290592.587,6.290592587,41514.93081
QR24_191-09,QR24_191,4,16 SPT,Gur-Arieh,SPT,46001,Analyst 2,0.02112,10,16,67,,4806933.668,4.806933668,31723.48485
QR24_191-10,QR24_191,5,16 SPT,Gur-Arieh,SPT,46003,Analyst 2,0.02025,10,16,68,,5088281.45,5.08828145,33580.24691
QR24_191-11,QR24_191,6,16 SPT,Gur-Arieh,SPT,46003,Analyst 2,0.02095,10,16,57,,4122665.214,4.122665214,27207.63723
QR24_191-12,QR24_191,7,16 SPT,Gur-Arieh,SPT,46006,Analyst 2,0.02053,10,16,86,,6347412.785,6.347412785,41889.91719
QR24_191-13,QR24_191,8,16 SPT,Gur-Arieh,SPT,46006,Analyst 2,0.02065,10,16,97,,7117687.536,7.117687536,46973.36562
QR24_191_CB10,QR24_191,1,16 CB,Canti,CB,46003,Analyst 1,0.00226,100,16,65,,4358049.491,4.358049491,28761.06195
QR24_191_CB10,QR24_191,1,16 CB,Canti,CB,46003,Analyst 1,0.00226,100,16,90,,6034222.372,6.034222372,39823.00885
QR24_191_CB10,QR24_191,1,16 CB,Canti,CB,46003,Analyst 1,0.00226,100,16,92,,6168316.203,6.168316203,40707.9646
QR24_191_CB11,QR24_191,2,16 CB,Canti,CB,46004,Analyst 1,0.00293,100,16,78,,4033798.71,4.03379871,26621.16041
QR24_191_CB12,QR24_191,3,16 CB,Canti,CB,46004,Analyst 1,0.00236,100,16,88,,5650123.095,5.650123095,37288.13559
QR24_191_CB13,QR24_191,4,16 CB,Canti,CB,46004,Analyst 1,0.00249,100,16,89,,5415990.576,5.415990576,35742.97189
QR24_191_CB14,QR24_191,5,16 CB,Canti,CB,46004,Analyst 1,0.00242,100,16,94,,5885721.767,5.885721767,38842.97521
QR24_191-06,QR24_191,1,10 SPT,Gur-Arieh,SPT,46000,Analyst 1,0.01496,10,10,Random10FOV,21,3403258.393,3.403258393,14037.43316
QR24_191-07,QR24_191,2,10 SPT,Gur-Arieh,SPT,46000,Analyst 1,0.01427,10,10,Random10FOV,29,4926985.088,4.926985088,20322.35459
QR24_191-08,QR24_191,3,10 SPT,Gur-Arieh,SPT,46000,Analyst 1,0.01373,10,10,Random10FOV,32,5650497.201,5.650497201,23306.62782
QR24_191-09,QR24_191,4,10 SPT,Gur-Arieh,SPT,46001,Analyst 2,0.02112,10,10,Random10FOV,45,5165660.061,5.165660061,21306.81818
QR24_191-10,QR24_191,5,10 SPT,Gur-Arieh,SPT,46003,Analyst 2,0.02025,10,10,Random10FOV,40,4788970.776,4.788970776,19753.08642
QR24_191-11,QR24_191,6,10 SPT,Gur-Arieh,SPT,46003,Analyst 2,0.02095,10,10,Random10FOV,38,4397509.561,4.397509561,18138.42482
QR24_191-12,QR24_191,7,10 SPT,Gur-Arieh,SPT,46006,Analyst 2,0.02053,10,10,Random10FOV,50,5904570.033,5.904570033,24354.60302
QR24_191-13,QR24_191,8,10 SPT,Gur-Arieh,SPT,46006,Analyst 2,0.02065,10,10,Random10FOV,55,6457283.537,6.457283537,26634.38257
QR24_191_CB10,QR24_191,1,10 CB,Canti,CB,46001,Analyst 2,0.00226,100,10,53,,5685578.413,5.685578413,23451.32743
QR24_191_CB10,QR24_191,1,10 CB,Canti,CB,46001,Analyst 2,0.00226,100,10,68,,7294704.379,7.294704379,30088.49558
QR24_191_CB10,QR24_191,1,10 CB,Canti,CB,46001,Analyst 2,0.00226,100,10,69,,7401979.444,7.401979444,30530.97345
QR24_191_CB10,QR24_191,1,10 CB,Canti,CB,46003,Analyst 1,0.00226,100,10,Random10FOV,46,4934652.962,4.934652962,20353.9823
QR24_191_CB10,QR24_191,1,10 CB,Canti,CB,46003,Analyst 1,0.00226,100,10,Random10FOV,68,7294704.379,7.294704379,30088.49558
QR24_191_CB10,QR24_191,1,10 CB,Canti,CB,46003,Analyst 1,0.00226,100,10,Random10FOV,60,6436503.864,6.436503864,26548.67257
QR24_191_CB11,QR24_191,2,10 CB,Canti,CB,46001,Analyst 2,0.00293,100,10,66,,5461142.869,5.461142869,22525.59727
QR24_191_CB11,QR24_191,2,10 CB,Canti,CB,46004,Analyst 1,0.00293,100,10,Random10FOV,50,4137229.446,4.137229446,17064.84642
QR24_191_CB12,QR24_191,3,10 CB,Canti,CB,46001,Analyst 2,0.00236,100,10,51,,5239205.052,5.239205052,21610.16949
QR24_191_CB12,QR24_191,3,10 CB,Canti,CB,46004,Analyst 1,0.00236,100,10,Random10FOV,51,5239205.052,5.239205052,21610.16949
QR24_191_CB13,QR24_191,4,10 CB,Canti,CB,46001,Analyst 2,0.00249,100,10,52,,5063038.381,5.063038381,20883.53414
QR24_191_CB13,QR24_191,4,10 CB,Canti,CB,46004,Analyst 1,0.00249,100,10,Random10FOV,50,4868306.135,4.868306135,20080.32129
QR24_191_CB14,QR24_191,5,10 CB,Canti,CB,46001,Analyst 2,0.00242,100,10,49,,4908942.41,4.90894241,20247.93388
QR24_191_CB14,QR24_191,5,10 CB,Canti,CB,46004,Analyst 1,0.00242,100,10,Random10FOV,56,5610219.897,5.610219897,23140.49587
QR24_192,QR24_192,1,16 SPT,Gur-Arieh,SPT,45781,Analyst 1,0.02334,10,16,280,,18177929.72,18.17792972,119965.7241
QR24_192,QR24_192,2,16 SPT,Gur-Arieh,SPT,45908,Analyst 2,0.01974,10,16,224,,17194442.95,17.19444295,113475.1773
QR24_192,QR24_192,3,16 SPT,Gur-Arieh,SPT,45910,Analyst 2,0.02036,10,16,220,,16373146.49,16.37314649,108055.0098
QR24_192,QR24_192,4,16 SPT,Gur-Arieh,SPT,45915,Analyst 2,0.02132,10,16,170,,12082281.82,12.08228182,79737.33583
QR24_192,QR24_192,5,16 SPT,Gur-Arieh,SPT,45917,Analyst 2,0.02102,10,16,146,,10524643.27,10.52464327,69457.65937
QR24_192-04,QR24_192,6,16 SPT,Gur-Arieh,SPT,45904,Analyst 2,0.0201,10,16,242,,18243432.28,18.24343228,120398.01
QR24_192-05,QR24_192,7,16 SPT,Gur-Arieh,SPT,45909,Analyst 2,0.02122,10,16,220,,15709578.82,15.70957882,103675.7776
QR24_192-07,QR24_192,8,16 SPT,Gur-Arieh,SPT,45915,Analyst 2,0.0207,10,16,171,,12517367.57,12.51736757,82608.69565
QR24_192-09,QR24_192,9,16 SPT,Gur-Arieh,SPT,46001,Analyst 1,0.01669,10,16,124,,11257775.63,11.25777563,74295.98562
QR24_192-10_0Initial,QR24_192,10,16 SPT,Gur-Arieh,SPT,46003,Analyst 1,0.01533,10,16,175,,17297491.83,17.29749183,114155.2511
QR24_192-11_0Initial,QR24_192,11,16 SPT,Gur-Arieh,SPT,46004,Analyst 1,0.01241,10,16,89,,10866894.87,10.86689487,71716.35778
QR24_192-12_0Initial,QR24_192,15,16 SPT,Gur-Arieh,SPT,46032,Analyst 1,0.01958,10,16,240,,18573159.77,18.57315977,122574.0552
QR24_192-13_0Initial,QR24_192,12,16 SPT,Gur-Arieh,SPT,46005,Analyst 1,0.01901,10,16,168,,13391043.02,13.39104302,88374.53972
QR24_192-14_0Initial,QR24_192,13,16 SPT,Gur-Arieh,SPT,46006,Analyst 2,0.02089,10,16,245,,17771123.49,17.77112349,117280.9957
QR24_192-15_0Initial,QR24_192,14,16 SPT,Gur-Arieh,SPT,46031,Analyst 1,0.01805,10,16,201,,16873535.58,16.87353558,111357.3407
QR24_192-17_0Initial,QR24_192,16,16 SPT,Gur-Arieh,SPT,46033,Analyst 1,0.01976,10,16,152,,11655848.34,11.65584834,76923.07692
QR24_192_CB2,QR24_192,1,16 CB,Canti,CB,46003,Analyst 2,0.00232,100,16,161,,10515383.87,10.51538387,69396.55172
QR24_192_CB2,QR24_192,1,16 CB,Canti,CB,46004,Analyst 1,0.00232,100,16,163,,10646009.76,10.64600976,70258.62069
QR24_192_CB2,QR24_192,1,16 CB,Canti,CB,46004,Analyst 1,0.00232,100,16,174,,11364452.13,11.36445213,75000
QR24_192_CB2,QR24_192,1,16 CB,Canti,CB,46004,Analyst 1,0.00232,100,16,181,,11821642.74,11.82164274,78017.24138
QR24_192_CB2-2,QR24_192,1,16 CB,Canti,CB,46003,Analyst 2,0.00232,100,16,173,,11299139.19,11.29913919,74568.96552
QR24_192_CB2-3,QR24_192,1,16 CB,Canti,CB,46003,Analyst 2,0.00232,100,16,178,,11625703.91,11.62570391,76724.13793
QR24_192_CB3,QR24_192,2,16 CB,Canti,CB,46004,Analyst 1,0.00232,100,16,203,,13258527.49,13.25852749,87500
QR24_192_CB3,QR24_192,2,16 CB,Canti,CB,46003,Analyst 2,0.00232,100,16,210,,13715718.09,13.71571809,90517.24138
QR24_192_CB4,QR24_192,3,16 CB,Canti,CB,46004,Analyst 1,0.00235,100,16,176,,11348332.34,11.34833234,74893.61702
QR24_192_CB4,QR24_192,3,16 CB,Canti,CB,46003,Analyst 2,0.00235,100,16,220,,14185415.43,14.18541543,93617.02128
QR24_192_CB5,QR24_192,4,16 CB,Canti,CB,46005,Analyst 1,0.00251,100,16,180,,10866408.42,10.86640842,71713.14741
QR24_192_CB5,QR24_192,4,16 CB,Canti,CB,46003,Analyst 2,0.00251,100,16,220,,13281165.84,13.28116584,87649.40239
QR24_192_CB6,QR24_192,5,16 CB,Canti,CB,46003,Analyst 2,0.00243,100,16,157,,9789953.279,9.789953279,64609.0535
QR24_192_CB6,QR24_192,5,16 CB,Canti,CB,46005,Analyst 1,0.00243,100,16,259,,16150305.09,16.15030509,106584.3621
QR24_192,QR24_192,1,10 SPT,Gur-Arieh,SPT,45781,Analyst 1,0.02334,10,10,Random10FOV,188,19528290.22,19.52829022,80548.41474
QR24_192,QR24_192,2,10 SPT,Gur-Arieh,SPT,45908,Analyst 2,0.01974,10,10,Random10FOV,152,18668252.34,18.66825234,77001.01317
QR24_192,QR24_192,3,10 SPT,Gur-Arieh,SPT,45910,Analyst 2,0.02036,10,10,Random10FOV,139,16551762.64,16.55176264,68271.11984
QR24_192,QR24_192,4,10 SPT,Gur-Arieh,SPT,45915,Analyst 2,0.02132,10,10,Random10FOV,111,12622430.89,12.62243089,52063.78987
QR24_192 ,QR24_192,5,10 SPT,Gur-Arieh,SPT,45917,Analyst 2,0.02102,10,10,Random10FOV,90,10380470.08,10.38047008,42816.36537
QR24_192-04,QR24_192,6,10 SPT,Gur-Arieh,SPT,45904,Analyst 2,0.0201,10,10,Random10FOV,153,18454513.32,18.45451332,76119.40299
QR24_192-05,QR24_192,7,10 SPT,Gur-Arieh,SPT,45909,Analyst 2,0.02122,10,10,Random10FOV,133,15195447.15,15.19544715,62676.72008
QR24_192-07,QR24_192,8,10 SPT,Gur-Arieh,SPT,45915,Analyst 2,0.0207,10,10,Random10FOV,113,13234737.17,13.23473717,54589.37198
QR24_192-09,QR24_192,9,10 SPT,Gur-Arieh,SPT,46001,Analyst 1,0.01669,10,10,Random10FOV,74,10749359.96,10.74935996,44337.9269
QR24_192-10_Initial,QR24_192,10,10 SPT,Gur-Arieh,SPT,46003,Analyst 1,0.01533,10,10,Random10FOV,109,17238186.15,17.23818615,71102.41357
QR24_192-11_Initial,QR24_192,11,10 SPT,Gur-Arieh,SPT,46004,Analyst 1,0.01241,10,10,Random10FOV,58,11330874.65,11.33087465,46736.50282
QR24_192-12-Initial,QR24_192,15,10 SPT,Gur-Arieh,SPT,46032,Analyst 1,0.01958,10,10,Random10FOV,146,18077875.51,18.07787551,74565.88355
QR24_192-13_Initial,QR24_192,12,10 SPT,Gur-Arieh,SPT,46005,Analyst 1,0.01901,10,10,Random10FOV,105,13391043.02,13.39104302,55234.08732
QR24_192-14_Initial,QR24_192,13,10 SPT,Gur-Arieh,SPT,46006,Analyst 2,0.02089,10,10,Random10FOV,148,17176334.87,17.17633487,70847.29536
QR24_192-15_Initial,QR24_192,14,10 SPT,Gur-Arieh,SPT,46031,Analyst 1,0.01805,10,10,Random10FOV,120,16118004.14,16.11800414,66481.99446
QR24_192-17_Initial,QR24_192,16,10 SPT,Gur-Arieh,SPT,46033,Analyst 1,0.01976,10,10,Random10FOV,98,12023927.76,12.02392776,49595.1417
QR24_192_CB2,QR24_192,1,10 CB,Canti,CB,46003,Analyst 2,0.00232,100,10,Random10FOV,97,10136568.8,10.1365688,41810.34483
QR24_192_CB2,QR24_192,1,10 CB,Canti,CB,46004,Analyst 1,0.00232,100,10,Random10FOV,110,11495078.02,11.49507802,47413.7931
QR24_192_CB2,QR24_192,1,10 CB,Canti,CB,46004,Analyst 1,0.00232,100,10,Random10FOV,112,11704079.44,11.70407944,48275.86207
QR24_192_CB2,QR24_192,1,10 CB,Canti,CB,46004,Analyst 1,0.00232,100,10,Random10FOV,103,10763573.06,10.76357306,44396.55172
QR24_192_CB2-2,QR24_192,1,10 CB,Canti,CB,46003,Analyst 2,0.00232,100,10,Random10FOV,107,11181575.89,11.18157589,46120.68966
QR24_192_CB2-3,QR24_192,1,10 CB,Canti,CB,46003,Analyst 2,0.00232,100,10,Random10FOV,111,11599578.73,11.59957873,47844.82759
QR24_192_CB3,QR24_192,2,10 CB,Canti,CB,46003,Analyst 2,0.00232,100,10,Random10FOV,141,14734600.01,14.73460001,60775.86207
QR24_192_CB3,QR24_192,2,10 CB,Canti,CB,46004,Analyst 1,0.00232,100,10,Random10FOV,135,14107595.75,14.10759575,58189.65517
QR24_192_CB4,QR24_192,3,10 CB,Canti,CB,46003,Analyst 2,0.00235,100,10,Random10FOV,147,15165498.68,15.16549868,62553.19149
QR24_192_CB4,QR24_192,3,10 CB,Canti,CB,46004,Analyst 1,0.00235,100,10,Random10FOV,105,10832499.06,10.83249906,44680.85106
QR24_192_CB5,QR24_192,4,10 CB,Canti,CB,46003,Analyst 2,0.00251,100,10,Random10FOV,133,12846509.5,12.8465095,52988.04781
QR24_192_CB5,QR24_192,4,10 CB,Canti,CB,46005,Analyst 1,0.00251,100,10,Random10FOV,127,12266967.72,12.26696772,50597.60956
QR24_192_CB6,QR24_192,5,10 CB,Canti,CB,46003,Analyst 2,0.00243,100,10,Random10FOV,102,10176562.9,10.1765629,41975.30864
QR24_192_CB6,QR24_192,5,10 CB,Canti,CB,46005,Analyst 1,0.00243,100,10,Random10FOV,172,17160478.61,17.16047861,70781.893